traitname,speciesname,sign,mean_low,mean_high,units,SD_low,SD_high,N_low,N_high,elev_low,elev_high,latitude,mass,alpine,mig-res,source
IncubationDuration,Agelaius_phoeniceus,0,11.41,11.13,d,0.812,0.93,39,15,1600,2900,39.485,54,0,mig,16
EggSize,Agelaius_phoeniceus,+,3.91,4.27,cm3,0.22,0.37,19,39,87,2410,40.62,54,1,mig,82
ClutchSize,Agelaius_phoeniceus,0,3.38,4.04,kids,0.523,0.563,16,22,30,2900,38.49,54,0,mig,16
NestlingSize,Agelaius_phoeniceus,0,3.47,3.53,g,0.576,0.41,23,21,1600,2900,39.485,54,0,mig,16
NestSuccess,Amphispiza_bilineata,+,0.24,0.42,ratio,,,,,400,1300,32.82,12.5,0,mig,39
ClutchSize,Amphispiza_bilineata,-,3.52,3.22,kids,1.055,0.653,20,31,400,1300,32.82,12.5,0,mig,39
Onset,Amphispiza_bilineata,+,105,134,d,,,,,400,1300,32.82,12.5,0,mig,39
Onset,Anas_platyrhynchos,+,71,115,d,,,,,1584,3650,31.9,1150,1,res,"57, 58"
Season,Anas_platyrhynchos,-,98,61,d,,,,,1584,3650,31.9,1150,1,res,"57, 58"
ClutchSize,Anas_platyrhynchos,-,8.27,6.07,kids,2.23,1.62,37,26,1584,3650,31.9,1150,1,res,"57, 58"
EggSize,Anas_platyrhynchos,0,56.4,54.5,mm,2.34,2.3,40,148,1584,3650,31.9,1150,1,res,"57, 58"
Onset,Anthus_pratensis,+,127.2,132.2,d,,,,,8,380,52.33,18.4,1,mig,24
NAttempts,Anthus_pratensis,-,,,att,,,,,250,1250,59.583,18.4,1,mig,4
NestSuccess,Anthus_pratensis,+,0.66,0.97,prob,0.056,0.032,71,32,8,305,52.33,18.4,1,mig,24
ClutchSize,Anthus_pratensis,+,4.6,5.3,kids,0.8,0.7,65,89,250,1250,59.583,18.4,1,mig,4
ClutchSize,Anthus_pratensis,-,4.52,4.07,kids,0.536,0.548,61,43,8,380,52.33,18.4,1,mig,24
NestlingDuration,Anthus_spinoletta,0,14.5,14.5,d,,,,,100,3050,,23.9,1,mig,3
NAttempts,Anthus_spinoletta,-,2,1,att,,,,,100,3050,,23.9,1,mig,3
ClutchSize,Anthus_spinoletta,0,5.5,5.3,kids,,,,,100,3050,,23.9,1,mig,3
IncubationDuration,Anthus_spinoletta,0,14.5,14.5,d,,,,,100,3050,,23.9,1,mig,3
IncubationDuration,Anthus_trivialis,+,11.3,12.3,d,,,,,200,2100,,23.4,0,mig,3
ClutchSize,Anthus_trivialis,-,4.7,4.3,kids,,,,,200,2100,,23.4,0,mig,3
NAttempts,Anthus_trivialis,-,2,1,att,,,,,200,2100,,23.4,0,mig,3
NestlingDuration,Anthus_trivialis,0,12.5,12,d,,,,,200,2100,,23.4,0,mig,3
AdultSurvival,Anthus_trivialis,-,0.57,0.2,prob,,,,,200,2100,,23.4,0,mig,3
EggSize,Aphelocoma_ultramarina,0,6927,7115,mm3,821,697,17,24,1526,2371,29,115,0,res,70
ClutchSize,Aphelocoma_ultramarina,0,2.88,3.08,kids,1.36,0.83,17,24,1526,2371,29,115,0,res,70
ClutchSize,Aquila_chrysaetos,0,,,kids,,,,,607,1372,63.58,4229,1,mig,71
NestSuccess,Aquila_chrysaetos,0,,,unk,,,,,607,1372,63.58,4229,1,mig,71
ClutchSize,Branta_canadensis,-,5.62,5.08,kids,,,3816,131,120,2000,44.5,4000,1,mig,26
EggSize,Calidris_maritima,-,12.92,10.97,cm3,,,,,0,1100,66,68,1,mig,93
Onset,Calidris_maritima,+,146,167,d,,,,,0,1100,66,68,1,mig,93
ClutchSize,Calidris_maritima,0,3.78,3.56,kids,,,,,0,1100,66,68,1,mig,93
ClutchSize,Cardellina_rubrifrons,-,,,kids,,,,,1785,2790,32.41,10,0,mig,25
IncubationDuration,Carduelis_carduelis,0,11.7,12,d,,,,,0,2020,,16,0,res,3
NestlingDuration,Carduelis_carduelis,-,14.7,12,d,,,,,0,2020,,16,0,res,3
AdultSurvival,Carduelis_carduelis,-,0.43,0.38,prob,,,,,0,2020,,16,0,res,3
ClutchSize,Carduelis_carduelis,-,4.9,4.3,kids,,,,,0,2020,,16,0,res,3
NAttempts,Carduelis_carduelis,0,1,1,att,,,,,0,2020,,16,0,res,3
Onset,Carduelis_corsicana,+,97,131,d,11.5,20,10,36,253,1078,41.53,11.5,0,res,31
NestSuccess,Carduelis_corsicana,0,0.5,0.3,prob,0.575,0.47,4,23,253,1078,41.53,11.5,0,res,31
ClutchSize,Carduelis_corsicana,0,4,3.6,kids,1.4,0.7,2,17,253,1078,41.53,11.5,0,res,31
Onset,Carduelis_flavirostris,+,130,155,d,,,,,3650,4300,30.3,15.4,1,res,64
ClutchSize,Carduelis_flavirostris,+,4,4.2,kids,,,,,3650,4300,30.3,15.4,1,res,64
EggSize,Carduelis_flavirostris,+,2816,3042,mm3,,,,,3650,4300,30.3,15.4,1,res,64
AdultBodySize,Carduelis_flavirostris,-,75.6,71.6,mm,,,,,500,3925,,15.4,1,mig,2
NestlingDuration,Carduelis_flavirostris,+,11.5,15.5,d,,,,,500,3925,,15.4,1,mig,2
ClutchSize,Carduelis_flavirostris,-,5.7,5.2,kids,,,,,500,3925,,15.4,1,mig,2
IncubationDuration,Carduelis_flavirostris,+,12.5,13.5,d,,,,,500,3925,,15.4,1,mig,2
NAttempts,Carduelis_flavirostris,-,2,1,att,,,,,500,3925,,15.4,1,mig,2
IncubationDuration,Carpodacus_erythrinus,+,12.1,13.5,d,,,,,1000,3275,,36,0,mig,2
NestlingDuration,Carpodacus_erythrinus,+,11.6,15.5,d,,,,,1000,3275,,36,0,mig,2
IncubationDuration,Carpodacus_erythrinus,+,11.5,13.5,d,,,,,0,2300,,36,0,mig,3
ClutchSize,Carpodacus_erythrinus,-,4.9,4.5,kids,,,,,1000,3275,,36,0,mig,2
AdultBodySize,Carpodacus_erythrinus,0,82.7,82.2,mm,,,,,1000,3275,,36,0,mig,2
ClutchSize,Carpodacus_erythrinus,-,4.8,4.2,kids,,,,,0,2300,,36,0,mig,3
NestlingDuration,Carpodacus_erythrinus,0,11.5,12,d,,,,,0,2300,,36,0,mig,3
AdultSurvival,Carpodacus_erythrinus,-,0.66,0.47,prob,,,,,0,2300,,36,0,mig,3
NAttempts,Carpodacus_erythrinus,0,1,1,att,,,,,1000,3275,,36,0,mig,2
NestlingSize,Centrocercus_urophasianus,,27.7,28.4,g,5,4.4,362,154,1846,2242,40.25,1950,0,mig,1
AdultSurvival,Centrocercus_urophasianus,+,,,,,,,,1700,2700,40.25,1950,0,mig,1
AgeDistribution,Centrocercus_urophasianus,+,0.75,0.81,ratio,,,,,1846,2242,40.25,1950,0,mig,1
Onset,Centrocercus_urophasianus,+,104.9,111.8,d,10.2,9.8,210,90,1846,2242,40.25,1950,0,mig,1
ClutchSize,Centrocercus_urophasianus,,7.5,7.7,kids,1.6,7.7,212,90,1846,2242,40.25,1950,0,mig,1
NestlingDuration,Certhia_familiaris,+,15.3,18.5,d,,,,,75,2000,,9,0,res,3
IncubationDuration,Certhia_familiaris,+,14,15.5,d,,,,,75,2000,,9,0,res,3
ClutchSize,Certhia_familiaris,-,5.3,5,kids,,,,,75,2000,,9,0,res,3
NAttempts,Certhia_familiaris,-,2,1,att,,,,,75,2000,,9,0,res,3
IncubationDuration,Cinclus_cinclus,+,16,17,d,,,,,700,1500,,59.8,1,,3
NestlingDuration,Cinclus_cinclus,0,22,23,d,,,,,700,1500,,59.8,1,,3
ClutchSize,Cinclus_cinclus,-,4.8,4,kids,,,,,700,1500,,59.8,1,,3
NAttempts,Cinclus_cinclus,0,1,1,att,,,,,700,1500,,59.8,1,,3
AdultBodySize,Cinclus_leucocephalus,,44,45.5,g,,,,,1200,2100,16.5,44,0,res,77
AdultSurvival,Cinclus_mexicanus,+,53.9,57.3,%,7.6,8.7,91,93,230,600,49,58,0,mig,34
Onset,Cinclus_mexicanus,+,89,102,d,11.2,14.1,126,50,230,600,49,58,0,mig,34
NAttempts,Cinclus_mexicanus,0,1.49,1.27,att,0.58,0.49,94,30,230,600,49,58,0,mig,34
NestSuccess,Cinclus_mexicanus,0,0.69,0.57,prop,0.05,0.08,135,53,230,600,49,58,0,mig,34
NestlingSize,Cinclus_mexicanus,-,,,unk,,,,,230,600,49,58,0,mig,65
JuvSurvival,Cinclus_mexicanus,-,12,4,%,,,,,230,600,49,58,0,mig,65
ClutchSize,Cinclus_mexicanus,0,4.4,4.2,kids,1,0.6,103,39,230,600,49,58,0,mig,34
Onset,Corvus_corone,+,110,122,d,,,,,76,457,55.3,570,0,res,40
ClutchSize,Corvus_corone,-,4.1,3.9,kids,,,300,14,250,750,52.5,570,0,res,40
ClutchSize,Corvus_monedula,-,4.4,4,kids,,,133,11,250,750,55,570,0,res,40
ClutchSize,Empidonax_oberholseri,0,3.9,3.59,kids,0.42,0.44,28,492,2300,3200,38,10.4,0,mig,"76, 79"
NestSuccess,Empidonax_oberholseri,0,0.49,0.49,prop,,,,,2300,3200,38,10.4,0,mig,"76, 79"
IncubationDuration,Eremophila_alpestris,0,11,11.3,d,,,,,183,3600,41.45,32,1,mig,16
AdultBodySize,Eremophila_alpestris,+,26.92,34.01,g,1.76,2.25,14,44,63,1675,49.43,35.5,1,mig,15
NestlingSize,Eremophila_alpestris,0,2.85,2.6,unk,,,,,122,3600,41.45,32,1,mig,16
Season,Eremophila_alpestris,-,94,38.5,d,21.06,2.52,4,4,63,1675,49.43,35.5,1,mig,15
Onset,Eremophila_alpestris,+,135,151,d,14.95,6.93,143,129,63,1675,49.43,35.5,1,mig,15
ClutchSize,Eremophila_alpestris,+,3.05,3.61,kids,0.7,0.68,135,93,63,1675,49.43,35.5,1,mig,15
JuvSurvival,Eremophila_alpestris,0,25,20,%,0.36,0.66,80,175,63,1675,49.43,35.5,1,mig,15
AdultSurvival,Eremophila_alpestris,+,60,78,%,0.51,0.51,26,52,63,1675,49.43,35.5,1,mig,15
NestSuccess,Eremophila_alpestris,+,0.23,0.35,prop,0.026,0.035,257,188,63,1675,49.43,35.5,1,mig,15
Onset,Falco_punctatus,+,,,d,,,,,25,625,20.3,170,0,res,13
NAttempts,Falco_punctatus,0,1,1,att,,,,,25,625,20.3,170,0,res,13
ClutchSize,Falco_tinnunculus,-,4.45,4.11,kids,0.89,0.76,115,18,288,1800,28.29,184,0,res,18
Onset,Falco_tinnunculus,+,75.9,107.18,d,13.91,11.59,103,17,288,1800,28.29,184,0,res,18
EggSize,Falco_tinnunculus,0,18.88,17.55,cm3,1.46,1.15,62,8,288,1800,28.29,184,0,res,18
NestSuccess,Falco_tinnunculus,+,0.91,1,prop,,,,,288,1800,28.29,184,0,res,18
ClutchSize,Ficedula_hypoleuca,-,6.01,5.52,kids,,,,,180,550,43.57,13.9,0,mig,103
ClutchSize,Ficedula_hypoleuca,-,,,unk,,,,,5,1900,52.5,13.9,0,mig,85
NestSuccess,Ficedula_hypoleuca,-,0.89,0.72,prob,,,,,180,550,43.57,13.9,0,mig,103
Onset,Ficedula_hypoleuca,+,,,unk,,,,,5,1700,51.95,13.9,0,mig,42
Onset,Ficedula_hypoleuca,+,,,unk,,,,,5,1900,52.5,13.9,0,mig,85
ClutchSize,Ficedula_hypoleuca,-,,,unk,,,,,5,1700,51.95,13.9,0,mig,42
Onset,Ficedula_hypoleuca,+,,,unk,,,,,100,900,43.57,13.9,0,mig,103
NestSuccess,Fringilla_montifringilla,-,0.93,0.59,prop,0.066,0.119,15,17,50,750,63.5,22.6,0,mig,89
ClutchSize,Fringilla_montifringilla,-,6.91,5.65,kids,0.53,1,22,17,50,750,63.5,22.6,0,mig,89
Season,Fulica_americana,-,4.5,2,w,,,,,1563,2463,39.78,642,0,mig,35
ClutchSize,Fulica_americana,0,4.2,4.3,kids,,,7,12,10,4150,11,642,1,res,17
Onset,Fulica_americana,+,,,unk,,,,,1563,2463,39.78,642,0,mig,35
EggSize,Fulica_americana,+,43.19,48.57,g,4.66,3.36,7,12,10,4150,11,642,1,res,17
ClutchSize,Fulica_americana,-,8.7,8,kids,1.63,1.76,162,168,1563,2463,39.78,642,0,mig,35
NestSuccess,Fulica_americana,-,0.87,0.73,prop,0.025,0.034,186,168,1563,2463,39.78,642,0,mig,35
Onset,Gallinula_chloropus,+,93,145,d,,,,,0,3650,29.6,382,1,mig,"14, 57"
Season,Gallinula_chloropus,-,126.5,41,d,,,,,0,3650,29.6,382,1,mig,"14, 57"
NestSuccess,Gallinula_chloropus,+,0.55,0.69,prop,,,,,0,3650,29.6,382,1,mig,"14, 57"
ClutchSize,Gallinula_chloropus,+,6.7,7.82,kids,,,59,17,0,3650,29.6,382,1,mig,"14, 57"
NestlingSize,Geospiza_fuliginosa,0,1.26,1.23,g,0.15,0.15,14,6,50,500,0.65,14.5,0,res,50
EggSize,Geospiza_fuliginosa,0,1.89,1.9,mm,0.03,0.02,8,6,50,500,0.65,14.5,0,res,50
Season,Geospiza_fuliginosa,-,,,unk,,,,,50,500,0.65,14.5,0,res,50
AgeDistribution,Geospiza_fuliginosa,0,94.06,97.22,%,,,101,72,50,500,0.65,14.5,0,res,50
ClutchSize,Geospiza_fuliginosa,-,3.4,2.5,kids,0.78,0.504,63,20,50,500,0.65,14.5,0,res,50
NestSuccess,Geospiza_fuliginosa,-,0.85,0.32,prop,0.033,0.518,115,81,50,500,0.65,14.5,0,res,50
Onset,Geospiza_fuliginosa,-,56,32,d,,,,,50,500,0.65,14.5,0,res,50
AdultBodySize,Glyphorynchus_spirurus,+,,,unk,,,,,150,1400,0,14.6,0,res,72
Onset,Gymnorhina_tibicen,+,,,unk,,,,,0,1300,30,12.5,0,res,32
Onset,Haplochelidon_andecola,+,,,unk,,,,,3900,4600,16.5,17,1,res,77
ClutchSize,Hodgsonius_phaenicuroides,-,3.21,2.73,kids,0.62,0.46,38,11,1325,4325,28.8,21.1,1,mig,62
Onset,Hodgsonius_phaenicuroides,+,160,170,d,24.6,16.9,38,18,1325,4325,28.8,21.1,1,mig,62
Season,Hodgsonius_phaenicuroides,-,94,55,d,,,,,1325,4325,28.8,21.1,1,mig,62
EggSize,Hodgsonius_phaenicuroides,+,5033,5913,mm3,415.3,215.8,14,22,1325,4325,28.8,21.1,1,mig,62
IncubationDuration,Hodgsonius_phaenicuroides,+,11,15.5,d,1,0.7,3,2,1325,4325,28.8,21.1,1,mig,62
NestlingDuration,Hodgsonius_phaenicuroides,+,11.7,16.3,d,0.5,0.5,3,3,1325,4325,28.8,21.1,1,mig,62
NestSuccess,Hodgsonius_phaenicuroides,0,0.46,0.57,prop,0.07,0.132,50,14,1325,4325,28.8,21.1,1,mig,62
Onset,Junco_hyemalis,+,118,150,d,,,,,1010,2025,52.88,20,0,mig,8
Season,Junco_hyemalis,-,97,40.5,d,,,,,1010,2025,52.88,20,0,mig,8
ClutchSize,Junco_hyemalis,0,3.65,3.58,kids,0.82,0.89,15,5,1010,2025,52.88,20,0,mig,6
NestlingSize,Junco_hyemalis,+,17.75,20,g,4.88,2.65,18,11,1010,2025,52.88,20,0,mig,6
JuvSurvival,Junco_hyemalis,+,80.1,93.8,%,,,,,1010,2025,52.88,20,0,mig,8
NAttempts,Junco_hyemalis,-,1.55,0.75,att,3.46,1.13,48,32,1010,2025,52.88,20,0,mig,8
AdultBodySize,Junco_hyemalis,-,20.5,20.2,mm,0.2,0.8,53,62,1010,2025,52.88,20,0,mig,7
AdultSurvival,Junco_hyemalis,0,0.2,0.22,prob,,,,,1010,2025,52.88,20,0,mig,8
ClutchSize,Lagopus_lagopus,-,10.8,8.2,kids,1.55,1.33,60,177,1,890,58.6,510,1,res,84
IncubationDuration,Lagopus_lagopus,0,22,22,d,,,,,1,890,58.6,510,1,res,84
Season,Lagopus_lagopus,0,34,31,d,7,5.4,4,9,1,890,58.6,510,1,res,84
NestSuccess,Lagopus_lagopus,-,0.92,0.88,prob,,,,,1,890,58.6,510,1,res,84
AdultBodySize,Lagopus_lagopus,-,650,513,g,63.6,35.7,50,318,1,890,58.6,510,1,res,84
NAttempts,Lagopus_lagopus,0,1,1,att,,,,,1,890,58.6,510,1,res,84
AgeMaturity,Lagopus_lagopus,0,1,1,y,,,,,1,890,58.6,510,1,res,84
BreedingPropsensity,Lagopus_lagopus,0,1,1,prob,,,,,1,890,58.6,510,1,res,84
AdultSurvival,Lagopus_lagopus,+,0.37,0.43,prob,0.834,0.612,187,599,1,890,58.6,510,1,res,84
EggSize,Lagopus_lagopus,0,20,19.9,ml,,,22,343,1,890,58.6,510,1,res,84
AdultBodySize,Lagopus_leucura,+,,,mm,,,,,3467,4161,39.57,375,1,res,100
Onset,Lagopus_leucura,+,,,unk,,,,,3467,4161,39.57,375,1,res,100
AdultBodySize,Lanius_collaris,+,30.8,50.53,g,1.52,2.15,10,10,130,1800,29,40.5,0,res,90
ClutchSize,Lanius_tephronotus,-,,,unk,,,,,4010,4540,29.45,47,1,mig,63
Onset,Lanius_tephronotus,+,,,unk,,,,,4010,4540,29.45,47,1,mig,63
Season,Lanius_tephronotus,-,65,50,d,,,,,3650,4300,29.49,47,1,mig,63
NAttempts,Lanius_tephronotus,0,1,1,att,,,,,3650,4300,29.49,47,1,mig,63
NestlingDuration,Lanius_tephronotus,,12.9,14.3,d,,,,,3650,4300,29.49,47,1,mig,63
IncubationDuration,Lanius_tephronotus,,15.3,16.7,d,,,,,3650,4300,29.49,47,1,mig,63
NAttempts,Leucosticte_arctoa,-,2,1,att,,,,,50,4000,,30.8,0,mig,2
AdultBodySize,Leucosticte_arctoa,+,106,112,mm,,,,,50,4000,,30.8,0,mig,2
ClutchSize,Leucosticte_arctoa,-,4.5,4,kids,,,,,50,4000,,30.8,0,mig,2
NestlingDuration,Leucosticte_arctoa,-,18,15,d,,,,,50,4000,,30.8,0,mig,2
ClutchSize,Melospiza_melodia,+,3.53,3.99,kids,,,143,32,200,2000,38,24,0,mig,45
Onset,Melospiza_melodia,+,103,117,d,,,,,200,2000,39.5,24,0,mig,45
AdultBodySize,Melospiza_melodia,0,25.13,24.54,g,0.76,0.66,11,10,5,505,47.13,24,0,res,80
Onset,Melospiza_melodia,+,91,135,d,,,,,5,505,47.13,24,0,res,80
Onset,Mohoua_ochrocephala,+,277,314,d,,,55,3,380,770,45,27.8,0,res,28
NAttempts,Mohoua_ochrocephala,-,1.76,1,att,0.058,0,55,4,380,770,45,27.8,0,res,28
Onset,Montifringilla_ruficollis,+,97,127,d,,,,,3300,4300,33,26,1,res,60
AdultBodySize,Montifringilla_ruficollis,-,,,unk,,,,,3300,4300,32.35,26,1,res,60
ClutchSize,Montifringilla_ruficollis,-,4.6,3,kids,,,,,3300,4300,33,26,1,res,60
EggSize,Montifringilla_ruficollis,-,5376,4928,mm3,,,,,3300,4300,33,26,1,res,60
ClutchSize,Montifringilla_taczanowskii,-,4.7,3.3,kids,1.5,0.6,7,3,3600,4300,32.35,40,1,res,"60, 61"
NestSuccess,Montifringilla_taczanowskii,0,0.66,0.67,prop,,,,,3600,4300,32.35,40,1,res,"60, 61"
IncubationDuration,Montifringilla_taczanowskii,+,12.7,15.5,d,1.5,0.6,7,3,3600,4300,32.35,40,1,res,"60, 61"
Onset,Montifringilla_taczanowskii,+,106,122,d,,,,,3600,4300,32.35,40,1,res,"60, 61"
Season,Montifringilla_taczanowskii,-,67,61,d,,,,,3600,4300,32.35,40,1,res,"60, 61"
NAttempts,Montifringilla_taczanowskii,+,1.09,1.14,att,,,,,3600,4300,32.35,40,1,res,"60, 61"
EggSize,Montifringilla_taczanowskii,-,25.7,23.3,mm,0.8,0.7,6,4,3600,4300,32.35,40,1,res,"60, 61"
AdultBodySize,Montifringilla_taczanowskii,-,,,unk,,,,,3600,4300,32.35,40,1,res,"60, 61"
AdultSurvival,Motacilla_alba,+,0.56,0.63,prob,,,,,100,2700,,24,0,mig,3
IncubationDuration,Motacilla_alba,0,12.4,11.9,d,,,,,100,2700,,24,0,mig,3
ClutchSize,Motacilla_alba,-,5.5,5.1,kids,,,,,100,2700,,24,0,mig,3
NAttempts,Motacilla_alba,0,2,2,att,,,,,100,2700,,24,0,mig,3
NestlingDuration,Motacilla_alba,+,13.5,15.6,d,,,,,100,2700,,24,0,mig,3
ClutchSize,Motacilla_flava,0,,,kids,,,,,,,47.5,18,0,mig,10
AdultSurvival,Mycerobas_carnipes,+,0.38,0.45,prob,,,,,2000,3500,,59,0,,3
IncubationDuration,Mycerobas_carnipes,+,15,17.5,d,,,,,2000,3500,,59,0,,3
NAttempts,Mycerobas_carnipes,0,1,1,att,,,,,2000,3500,,59,0,,3
ClutchSize,Mycerobas_carnipes,-,3.6,2.9,kids,,,,,2000,3500,,59,0,,3
NestlingDuration,Mycerobas_carnipes,+,17.5,20.5,d,,,,,2000,3500,,59,0,,3
AdultBodySize,Nectarinia_amethystina,0,15.7,14.6,g,1.26,1.26,10,10,541,1553,30.23,15,0,res,55
Onset,Nipponia_nippon,0,,,unk,,,,,600,1000,33.4,1900,0,res,102
ClutchSize,Nipponia_nippon,0,2.7,2.9,kids,0.68,0.86,106,3,600,1000,33.4,1900,0,res,102
NestSuccess,Nipponia_nippon,0,0.85,0.89,prop,,,,,600,1000,33.4,1900,0,res,102
Onset,Parus_ater,+,125,135,d,,,,,1325,1900,42.7,9,0,res,23
IncubationDuration,Parus_ater,0,13.5,14,d,,,,,20,2050,,9,0,res,3
NestlingDuration,Parus_ater,0,19,19.3,d,,,,,20,2050,,9,0,res,3
AdultSurvival,Parus_ater,0,0.33,0.35,prob,,,,,50,2050,,9,0,res,3
NAttempts,Parus_ater,-,1.17,1.08,att,,,,,570,830,43.57,9,0,res,103
ClutchSize,Parus_ater,0,7.81,7.35,kids,,,,,550,869,43.57,9,0,res,103
ClutchSize,Parus_ater,0,7.2,6.9,kids,1.4,1.2,10,110,1100,1875,42.98,9,0,res,22
ClutchSize,Parus_ater,-,8.6,7.3,kids,,,,,50,2050,,9,0,res,3
Onset,Parus_ater,+,,,unk,,,,,1100,1875,42.98,9,0,res,22
NestSuccess,Parus_ater,-,0.82,0.62,prop,,,,,1325,1900,42.7,9,0,res,23
NestSuccess,Parus_ater,-,0.91,0.81,prob,,,,,550,860,43.57,9,0,res,103
ClutchSize,Parus_ater,-,7.39,6.96,kids,1.18,1.1,53,133,1325,1900,42.7,9,0,res,23
Onset,Parus_ater,+,,,unk,,,,,100,900,43.57,9,0,res,103
NestSuccess,Parus_caeruleus,-,,,unk,,,,,30,875,36.73,10.6,0,res,105
NestlingSize,Parus_caeruleus,0,9.53,9.42,g,1.22,1.13,163,49,30,900,36.7,10.6,0,res,19
NestSuccess,Parus_caeruleus,0,0.57,0.69,prob,0.07,0.066,50,49,30,900,36.7,10.6,0,res,19
NAttempts,Parus_caeruleus,-,1.08,1,att,0.038,0,50,49,30,900,36.7,10.6,0,res,19
NAttempts,Parus_caeruleus,0,1,1,att,,,,,625,1350,40.28,10.6,0,res,33
ClutchSize,Parus_caeruleus,0,6.9,6.5,kids,1.44,1.35,22,75,625,950,41.33,10.6,0,res,33
ClutchSize,Parus_caeruleus,0,6.11,6.47,kids,0.78,1.12,9,17,30,875,36.73,10.6,0,res,105
Onset,Parus_caeruleus,+,,,unk,,,,,285,1575,42.98,10.6,0,res,22
Onset,Parus_caeruleus,+,37.2,52.8,d,8.4,6.3,9,17,30,875,36.73,10.6,0,res,105
Onset,Parus_caeruleus,+,,,unk,,,,,100,900,43.57,10.6,0,res,103
Onset,Parus_caeruleus,+,126,133,d,,,,,625,950,41.33,10.6,0,res,33
NestlingSize,Parus_caeruleus,+,9.92,10.65,g,0.45,0.51,9,17,30,875,36.73,10.6,0,res,105
ClutchSize,Parus_caeruleus,-,10.68,8.5,kids,,,,,180,540,43.57,10.6,0,res,103
Onset,Parus_caeruleus,+,121,132,d,,,,,890,1350,40.28,10.6,0,res,30
Onset,Parus_caeruleus,+,104,122,d,10.3,7.1,35,69,500,1000,36.7,10.6,0,res,20
NAttempts,Parus_caeruleus,0,1,1,att,0,0,35,69,500,1000,36.7,10.6,0,res,20
ClutchSize,Parus_caeruleus,+,6.46,7.39,kids,0.87,1.58,35,69,500,1000,36.7,10.6,0,res,20
NestSuccess,Parus_caeruleus,+,0.7,0.79,prop,,,,,500,1000,36.7,10.6,0,res,20
Onset,Parus_caeruleus,+,106,127,d,11.05,6.38,50,49,30,900,36.7,10.6,0,res,19
ClutchSize,Parus_caeruleus,-,9.5,8.1,kids,,,218,23,890,1350,40.28,10.6,0,res,30
Onset,Parus_caeruleus,+,,,d,,,,,100,1000,42.5,10.6,0,res,12
ClutchSize,Parus_caeruleus,0,6.2,6.23,kids,1.14,0.97,50,49,30,900,36.7,10.6,0,res,19
ClutchSize,Parus_caeruleus,-,9.6,7.4,kids,2.1,1.1,33,5,285,1575,42.98,10.6,0,res,22
NestSuccess,Parus_caeruleus,+,2,5.7,ratio,0.52,1.99,11,17,50,1650,34,10.6,0,res,41
ClutchSize,Parus_caeruleus,-,6.9,5.7,kids,1.3,1.11,171,13,50,1650,34,10.6,0,res,41
NestSuccess,Parus_caeruleus,-,0.79,0.69,prop,,,,,180,495,43.57,10.6,0,res,103
NAttempts,Parus_caeruleus,0,1,1,att,,,,,50,1650,34,10.6,0,res,41
Onset,Parus_caeruleus,+,109,147,d,2.78,3.9,17,13,50,1650,34,10.6,0,res,41
AdultBodySize,Parus_caeruleus,0,,,g,,,,,100,1000,42.5,10.6,0,res,12
Onset,Parus_gambeli,+,139,155,d,4,4.5,26,28,1950,2500,39.42,11.4,0,res,9
ClutchSize,Parus_gambeli,,7.72,7.54,kids,0.89,0.91,26,27,1950,2500,39.42,11.4,0,res,9
Season,Parus_gambeli,,21,19,d,,,,,1950,2500,39.42,11.4,0,res,9
NestlingSize,Parus_gambeli,,17.1,17.8,mm,0.06,0.04,17,14,1950,2500,39.42,11.4,0,res,9
IncubationDuration,Parus_gambeli,0,14.8,15.19,d,1.32,3.37,25,26,1950,2500,39.42,11.4,0,res,9
ClutchSize,Parus_major,+,7.6,8.3,kids,1.4,1.31,289,54,100,875,48.82,18,0,res,37
Onset,Parus_major,+,,,unk,,,,,5,1600,51.6,18,0,res,86
Onset,Parus_major,+,,,unk,,,,,100,900,43.57,18,0,res,103
ClutchSize,Parus_major,-,,,unk,,,,,5,1600,51.6,18,0,res,86
EggSize,Parus_major,+,1.52,1.71,cm3,0.15,0.29,497,414,100,875,48.82,18,0,res,37
NAttempts,Parus_major,+,1.04,1.13,att,,,,,180,785,43.57,18,0,res,103
NestSuccess,Parus_major,0,0.82,0.8,prob,,,,,180,835,43.57,18,0,res,103
ClutchSize,Parus_major,-,9.2,8.56,kids,,,,,180,835,43.57,18,0,res,103
NestSuccess,Parus_palustris,0,0.89,0.95,prob,,,,,180,495,43.57,11.9,0,res,103
ClutchSize,Parus_palustris,-,8.83,7.1,kids,,,,,180,495,43.57,11.9,0,res,103
Onset,Parus_palustris,+,,,unk,,,,,100,900,43.57,11.9,0,res,103
Onset,Parus_varius,+,99,126,d,,,,,350,1400,35.3,11.4,0,res,53
Season,Parus_varius,-,27,14,d,,,,,350,1400,35.3,11.4,0,res,53
ClutchSize,Parus_varius,-,6.69,5.9,kids,3.09,2.32,17,11,350,1400,35.3,11.4,0,res,54
EggSize,Parus_varius,0,16.78,16.96,mm,,,,,350,1400,35.3,11.4,0,res,53
NAttempts,Passer_domesticus,-,3,2,att,,,,,110,593,50.9,27.7,0,res,66
Season,Passer_domesticus,-,120.5,85,d,,,,,110,808,50.9,27.7,0,res,66
Onset,Passer_domesticus,+,98,121,d,,,,,110,808,50.9,27.7,0,res,66
NestSuccess,Passer_domesticus,0,0.53,0.58,prop,,,,,110,593,50.9,27.7,0,res,66
ClutchSize,Passer_domesticus,-,4.8,4.2,kids,0.4,1.4,125,9,110,593,50.9,27.7,0,res,66
Onset,Passer_montanus,+,107,121.5,d,,,,,110,593,50.9,20.8,0,res,66
Season,Passer_montanus,-,125,96,d,,,,,110,593,50.9,20.8,0,res,66
NAttempts,Passer_montanus,-,3,2,att,,,,,110,593,50.9,20.8,0,res,66
ClutchSize,Passer_montanus,0,4.9,4.7,kids,0.4,0.9,144,23,110,593,50.9,20.8,0,res,66
NestSuccess,Passer_montanus,+,0.68,0.77,prop,,,,,110,593,50.9,20.8,0,res,66
AdultSurvival,Passerculus_sandwichensis,+,36.4,68,%,,,,,15,1659,50,19.5,1,mig,69
NestSuccess,Passerculus_sandwichensis,+,0.23,0.4,prop,,,,,500,1659,50,19.5,1,mig,69
IncubationDuration,Passerculus_sandwichensis,0,12,13,d,0,0.67,26,5,15,1659,50,19.5,1,mig,69
NestlingDuration,Passerculus_sandwichensis,0,9.9,10.6,d,,,,,15,1659,50,19.5,1,mig,69
NAttempts,Passerculus_sandwichensis,-,1.1,1,att,,,,,15,1659,50,19.5,1,mig,69
ClutchSize,Passerculus_sandwichensis,+,4,4.4,kids,0,0.98,214,96,15,1659,50,19.5,1,mig,69
JuvSurvival,Passerculus_sandwichensis,+,0,18,%,,,,,15,1659,50,19.5,1,mig,69
Season,Passerculus_sandwichensis,-,52,25,d,,,,,15,1659,50,19.5,1,mig,69
ClutchSize,Petrochelidon_pyrrhonota,+,2.6,3.2,kids,0.83,0.92,17,21,1268,2895,39.9,22,0,mig,91
EggSize,Petrochelidon_pyrrhonota,,2.12,2.22,cm3,0.17,0.14,17,21,1268,2895,39.9,22,0,mig,91
NestSuccess,Petronia_petronia,+,0.54,0.7,prop,0.056,0.056,80,66,1570,1780,44.95,30.2,0,mig,95
NAttempts,Petronia_petronia,0,1.13,1.2,att,,,,,1570,1780,44.95,30.2,0,mig,95
ClutchSize,Petronia_petronia,0,5.76,5.49,kids,,,,,1570,1780,44.95,30.2,0,mig,95
Onset,Petronia_petronia,0,173,178,d,,,,,1570,1780,44.95,30.2,0,mig,95
AdultSurvival,Petronia_petronia,+,0.39,0.54,prob,,,,,1570,1780,44.95,30.2,0,mig,95
EggSize,Phoenicurus_auroreus,+,1.48,2.27,cm3,,,26,105,659,1800,41.25,16.2,1,mig,73
NestSuccess,Phoenicurus_auroreus,+,0.63,0.9,unk,,,,,1000,1650,37.5,16.2,1,mig,73
ClutchSize,Phoenicurus_auroreus,+,5.23,6.56,kids,0.82,0.63,26,16,695,1800,41.25,16.2,1,mig,73
ClutchSize,Phoenicurus_frontalis,-,5,4,kids,,,,,2750,3450,37.3,16,1,mig,73
EggSize,Phoenicurus_frontalis,,2.85,2.95,cm3,,,5,5,2750,3450,37.3,16,1,mig,73
NestSuccess,Phoenicurus_ochruros,+,0.81,0.89,prop,,,,,3470,4300,32.5,16.5,1,mig,"59, 73"
EggSize,Phoenicurus_ochruros,0,2.51,2.34,g,,,,,3470,4300,32.5,16.5,1,mig,"59, 73"
ClutchSize,Phoenicurus_ochruros,0,4.8,4.6,kids,0.64,0.51,29,27,3470,4300,32.5,16.5,1,mig,"59, 73"
NestlingDuration,Phoenicurus_ochruros,-,17.9,16.7,d,1,1.6,12,12,3470,4300,32.5,16.5,1,mig,"59, 73"
IncubationDuration,Phoenicurus_ochruros,0,13.5,13.1,d,0.52,1,11,3,3470,4300,32.5,16.5,1,mig,"59, 73"
Season,Phoenicurus_ochruros,-,75,67,d,,,,,3470,4300,32.5,16.5,1,mig,"59, 73"
NAttempts,Phoenicurus_ochruros,-,,,att,,,,,550,1950,47.25,16.5,1,mig,51
AdultSurvival,Phoenicurus_phoenicurus,-,0.44,0.3,prob,,,,,560,2100,,14.6,1,mig,3
IncubationDuration,Phoenicurus_phoenicurus,0,13,12.8,d,,,,,20,2050,,14.6,1,mig,3
NestlingDuration,Phoenicurus_phoenicurus,+,14.5,15.6,d,,,,,20,2050,,14.6,1,mig,3
ClutchSize,Phoenicurus_phoenicurus,0,6.2,6.2,kids,,,,,560,2100,,14.6,1,mig,3
NAttempts,Phoenicurus_phoenicurus,-,2,1,att,,,,,560,2100,,14.6,1,mig,3
NestSuccess,Phylloscopus_borealis,+,3,6,kids,0.064,0.044,7,29,961,1138,63,9.2,1,mig,36
ClutchSize,Phylloscopus_trochiloides,-,5.5,4.7,kids,,,,,0,2050,,7.1,0,mig,3
IncubationDuration,Phylloscopus_trochiloides,0,12.5,12.8,d,,,,,20,2050,,7.1,0,mig,3
NestlingDuration,Phylloscopus_trochiloides,0,13,13.1,d,,,,,20,2050,,7.1,0,mig,3
NAttempts,Phylloscopus_trochiloides,0,1,1,att,,,,,0,2050,,7.1,0,mig,3
EggSize,Pica_hudsonia,0,9.02,9.24,cm3,0.52,0.4,32,46,1578,2577,40.5,175,0,res,94
ClutchSize,Pica_hudsonia,0,4.56,5.26,kids,1.08,0.52,32,46,1578,2577,40.5,175,0,res,94
Onset,Pica_pica,+,111,129,d,,,,,76,381,55,206,0,res,40
ClutchSize,Pica_pica,-,5.7,5.4,kids,,,133,18,250,750,55,206,0,res,40
AdultBodySize,Pyrrhocorax_graculus,+,,,unk,,,,,1100,4744,37.5,212,1,res,52
AdultBodySize,Pyrrhocorax_pyrrhocorax,+,,,unk,,,,,20,4728,37.5,288,1,res,52
Season,Pyrrhocorax_pyrrhocorax,+,24,53,d,,,,,330,1300,41.019,288,1,res,11
ClutchSize,Pyrrhocorax_pyrrhocorax,-,4.98,4.77,kids,0.89,0.91,115,60,330,1300,41.019,288,1,res,11
Onset,Pyrrhocorax_pyrrhocorax,+,66,74,d,,,,,330,1300,41.019,288,1,res,11
ClutchSize,Rallus_aquaticus,+,,,unk,,,,,0,272,54.5,111.5,0,,43
Onset,Rallus_aquaticus,0,,,unk,,,,,0,272,54.5,111.5,0,,43
NestlingDuration,Regulus_regulus,0,19,19.5,d,,,,,200,2100,,5.6,0,mig,3
IncubationDuration,Regulus_regulus,0,16,16.7,d,,,,,200,2100,,5.6,0,mig,3
ClutchSize,Regulus_regulus,-,9.7,8.1,kids,,,,,200,2100,,5.6,0,mig,3
NAttempts,Regulus_regulus,-,2,1,att,,,,,200,2100,,5.6,0,mig,3
NestlingDuration,Salpinctes_obsoletus,,15,13.4,d,1.4,1.7,2,5,1600,3000,36.5,16.5,1,mig,"75, 78"
NAttempts,Salpinctes_obsoletus,-,3,1,att,0,0,2,10,1600,3000,36.5,16.5,1,mig,"75, 78"
IncubationDuration,Salpinctes_obsoletus,+,13,15.3,d,1.4,1,2,4,1600,3000,36.5,16.5,1,mig,"75, 78"
ClutchSize,Salpinctes_obsoletus,,5,5.6,kids,0,0.8,2,10,1600,3000,36.5,16.5,1,mig,"75, 78"
NestSuccess,Saxicola_rubetra,+,0.28,0.56,prop,0.18,0.13,15,15,1160,1540,46.83,16.6,0,mig,74
ClutchSize,Saxicola_rubetra,0,,,kids,,,,,1160,1540,46.83,16.6,0,mig,74
NAttempts,Saxicola_rubetra,0,1,1,att,,,,,1160,1540,46.83,16.6,0,mig,74
Onset,Saxicola_rubetra,+,149,154,d,,,,,1160,1540,46.83,16.6,0,mig,74
AgeDistribution,Saxicola_rubetra,+,46,64,%,,,,,1160,1540,46.83,16.6,0,mig,74
IncubationDuration,Saxicola_torquatus,0,13.5,14,d,,,,,700,2400,,15.4,0,mig,3
ClutchSize,Saxicola_torquatus,0,5.3,5.2,kids,,,,,700,2400,,15.4,0,mig,3
NestlingDuration,Saxicola_torquatus,-,13.5,12,d,,,,,700,2400,,15.4,0,mig,3
NAttempts,Saxicola_torquatus,-,2,1.5,att,,,,,700,2400,,15.4,0,mig,3
NAttempts,Serinus_pusillus,-,2,1,att,,,,,1800,3300,,11.6,1,mig,2
ClutchSize,Serinus_pusillus,-,4.2,3.7,kids,,,,,1800,3300,,11.6,1,mig,2
ClutchSize,Serinus_pusillus,-,4.2,3.7,kids,,,,,2000,2700,,11.6,1,mig,3
NestlingDuration,Serinus_pusillus,0,14,14,d,,,,,1800,3300,,11.6,1,mig,2
AdultBodySize,Serinus_pusillus,0,73.4,73.4,mm,,,,,1800,3300,,11.6,1,mig,2
AdultSurvival,Serinus_pusillus,-,0.61,0.45,prob,,,,,2000,2700,,11.6,1,mig,3
IncubationDuration,Serinus_pusillus,0,12,12,d,,,,,1800,3300,,11.6,1,mig,2
ClutchSize,Sialia_currucoides,-,5.7,5.4,kids,0.1,0.1,43,88,1482,2504,44.7,30,1,mig,44
EggSize,Sialia_currucoides,-,3.09,2.92,cm3,0.05,0.03,35,91,1482,2504,44.7,30,1,mig,44
AdultBodySize,Sialia_currucoides,0,110.5,111.5,mm,0.5,0.37,31,68,1482,2504,44.7,30,1,mig,44
Onset,Sialia_currucoides,+,155.5,128.5,d,,,,,1482,2504,44.7,30,1,mig,44
NestSuccess,Sialia_currucoides,+,0.75,0.98,prop,,,,,1482,2504,44.7,30,1,mig,44
NestSuccess,Sitta_europaea,-,0.77,0.67,prob,,,,,250,650,43.57,22.6,0,res,104
ClutchSize,Sitta_europaea,-,7.67,6.32,kids,1.12,1.46,36,41,200,450,43.57,22.6,0,res,104
AdultBodySize,Sitta_europaea,0,87.1,86.5,mm,1.61,1.56,40,13,300,700,43.57,22.6,0,res,104
Onset,Sitta_europaea,+,134.3,145.13,d,,,,,250,650,43.57,22.6,0,res,104
Onset,Sitta_whiteheadi,+,,,unk,,,,,1000,1600,42,11.8,0,res,96
NAttempts,Sitta_whiteheadi,0,1,1,att,0,0,,,1000,1600,42,11.8,0,res,96
ClutchSize,Spizella_breweri,,3.68,3.76,kids,0.537,0.464,130,67,400,920,49.13,10.9,0,mig,68
NestSuccess,Spizella_breweri,,0.95,0.97,prob,0.006,0.003,130,67,400,920,49.13,10.9,0,mig,68
Onset,Spizella_breweri,0,141.67,142.33,d,,,,,400,920,49.13,10.9,0,mig,68
BreedingPropsensity,Strix_aluco,-,91.7,82.8,%,,,253,244,215,590,,475,0,,88
AgeDistribution,Strix_aluco,-,68.75,25,%,,,,,215,590,47.58,475,0,res,87
NestSuccess,Struthio_camelus,0,0,0,%,,,,,1205,1653,2.42,111000,1,res,67
Onset,Struthio_camelus,+,28,48,d,21,24,10,12,1205,1653,2.42,111000,1,res,67
ClutchSize,Struthio_camelus,0,26.8,25.6,kids,3,5.2,4,14,1205,1653,2.42,111000,1,res,67
Onset,Sylvia_atricapilla,+,135,140,d,,,224,129,125,750,48.83,16.7,0,,5
Season,Sylvia_atricapilla,+,,,d,,,,,125,750,48.83,16.7,0,,5
IncubationDuration,Sylvia_atricapilla,+,,,d,,,,,125,750,48.83,16.7,0,,5
IncubationDuration,Sylvia_borin,+,,,d,,,,,125,750,48.83,18.2,0,mig,5
Season,Sylvia_borin,-,84,56,d,,,,,200,1500,47.2,18.2,0,mig,98
Onset,Sylvia_borin,+,125,156,d,,,,,200,1500,47.2,18.2,0,mig,98
AdultBodySize,Sylvia_borin,0,20.4,20.1,mm,0.5,0.5,11,11,200,1500,47.2,18.2,0,mig,98
Season,Sylvia_borin,+,,,d,,,,,125,750,48.83,18.2,0,mig,5
Onset,Sylvia_borin,+,142,151,d,,,126,221,125,750,48.83,18.2,0,mig,5
NestSuccess,Sylvia_borin,+,0.44,0.48,prop,,,,,200,1500,47.5,18.2,0,mig,99
Onset,Sylvia_communis,+,137,146,d,,,47,38,125,750,48.83,15.1,0,,5
ClutchSize,Sylvia_curruca,-,4.91,4.51,kids,,,,,250,750,48.83,11.8,0,,5
Onset,Sylvia_curruca,+,137,142,d,,,31,51,250,750,48.83,11.8,0,,5
ClutchSize,Tachycineta_bicolor,+,,,unk,,,,,,,49,20,0,mig,27
Onset,Tachycineta_bicolor,+,,,unk,,,,,,,49,20,0,mig,27
AdultBodySize,Thraupis_sayaca,,33,39,g,,,,,200,1900,16.5,32,0,res,77
AdultBodySize,Troglodytes_aedon,,12.1,13.5,g,,,,,200,2000,16.5,10.4,0,res,77
NAttempts,Troglodytes_aedon,0,2,2,att,,,,,200,1500,10.3,12,0,res,101
Season,Troglodytes_aedon,-,304,242,d,,,,,200,1500,10.3,12,0,res,101
Onset,Troglodytes_aedon,0,105,105,unk,,,,,200,1500,10.3,12,0,res,101
NestlingSize,Troglodytes_pacificus,-,8.89,7.89,g,1.1,0.98,30,7,300,1025,49.38,9.2,0,mig,29
Season,Troglodytes_pacificus,-,79,25,d,,,40,4,300,1025,49.38,9.2,0,mig,29
ClutchSize,Troglodytes_pacificus,0,5.5,5.5,kids,,,,,300,1025,49.38,9.2,0,mig,29
Onset,Troglodytes_pacificus,0,139.4,164.2,d,24.5,12.16,36,6,300,1025,49.38,9.2,0,mig,29
AdultBodySize,Troglodytes_pacificus,0,19.77,20.02,mm,0.69,0.25,21,10,300,1025,49.38,9.2,0,mig,29
IncubationDuration,Troglodytes_pacificus,0,14.4,15.7,d,1.13,0.58,9,3,300,1025,49.38,9.2,0,mig,29
AdultSurvival,Troglodytes_pacificus,-,33.3,0,%,,,28,19,300,1025,49.38,9.2,0,mig,29
JuvSurvival,Troglodytes_pacificus,-,2,0,%,,0,50,6,300,1025,49.38,9.2,0,mig,29
AdultSurvival,Troglodytes_troglodytes,0,0.42,0.43,prob,,,,,50,225,,9.9,0,res,3
NAttempts,Troglodytes_troglodytes,0,2,2,att,,,,,50,2225,,9.9,0,res,3
ClutchSize,Troglodytes_troglodytes,-,6.7,5.6,kids,,,,,50,2225,,9.9,0,res,3
IncubationDuration,Troglodytes_troglodytes,+,14,15.8,d,,,,,20,2225,,9.9,0,res,3
NestlingDuration,Troglodytes_troglodytes,+,15.5,16.8,d,,,,,20,2225,,9.9,0,res,3
NestSuccess,Turdus_iliacus,+,0.52,0.66,prop,0.069,0.137,52,12,50,750,63.5,61.2,0,mig,89
ClutchSize,Turdus_iliacus,0,5.35,5.27,kids,0.68,0.47,71,11,50,750,63.5,61.2,0,mig,89
NAttempts,Turdus_merula,-,1.8,1,att,,,,,1000,4150,28,93.4,1,res,56
ClutchSize,Turdus_merula,-,4.16,2.86,kids,,,,,1000,4150,28,93.4,1,res,56
EggSize,Turdus_merula,+,13.8,16.4,cm3,,,,,1000,4150,28,93.4,1,res,56
NestlingSize,Turdus_merula,-,61.5,49,g,,,,,1000,4150,28,93.4,1,res,56
IncubationDuration,Turdus_merula,,13.5,12.5,d,,,,,1000,4150,28,93.4,1,res,56
NestlingDuration,Turdus_merula,+,14.5,17,d,,,,,1000,4150,28,93.4,1,res,56
Season,Turdus_merula,-,3.5,2.5,mo,,,,,1000,4150,28,93.4,1,res,56
IncubationDuration,Turdus_merula,0,13,13,d,,,,,150,1600,,93.4,0,mig,3
Onset,Turdus_merula,+,105,135,d,,,,,1000,4150,28,93.4,1,res,56
ClutchSize,Turdus_merula,0,4.4,4.2,kids,,,,,150,1600,,93.4,0,mig,3
NAttempts,Turdus_merula,-,2,1.5,att,,,,,150,1600,,93.4,0,mig,3
NestSuccess,Turdus_merula,+,0.31,0.59,prob,,,,,1000,4150,28,93.4,1,res,56
NestlingDuration,Turdus_merula,+,13.6,15,d,,,,,150,1600,,93.4,0,mig,3
ClutchSize,Turdus_philomelos,-,4,3.43,kids,0.55,0.53,27,7,25,230,51.45,67.8,0,mig,46
NestSuccess,Turdus_pilaris,-,0.84,0.08,prop,0.025,0.029,223,86,50,750,63.5,106,0,mig,89
ClutchSize,Turdus_pilaris,-,5.41,5.1,kids,0.68,0.68,302,50,50,750,63.5,106,0,mig,89
IncubationDuration,Turdus_viscivorus,0,13.5,13.5,d,,,,,150,1900,,117.5,0,mig,3
NestlingDuration,Turdus_viscivorus,+,14.5,15.7,d,,,,,150,1900,,117.5,0,mig,3
NAttempts,Turdus_viscivorus,0,2,2,att,,,,,150,1900,,117.5,0,mig,3
ClutchSize,Turdus_viscivorus,-,4.2,3.7,kids,,,,,150,1900,,117.5,0,mig,3
AdultSurvival,Turdus_viscivorus,0,0.52,0.5,prob,,,,,150,1900,,117.5,0,mig,3
NestSuccess,Vireo_gilvus,0,0.3,0.32,prop,0.414,0.504,15,9,1198,2259,37,12,0,mig,81
NAttempts,Wilsonia_pusilla,-,1.18,1,att,,,,,100,3050,37.91,7,1,mig,92
IncubationDuration,Wilsonia_pusilla,0,12.5,12.8,d,,,,,100,3050,37.91,7,1,mig,92
NestSuccess,Wilsonia_pusilla,+,0.33,0.71,prop,,,,,100,3050,37.91,7,1,mig,92
ClutchSize,Wilsonia_pusilla,0,3.9,4.2,kids,,,18,45,100,3050,37.91,7,1,mig,92
Onset,Wilsonia_pusilla,+,114,175,d,,,,,100,3050,37.91,7,1,mig,92
AdultSurvival,Wilsonia_pusilla,-,55.4,44.7,%,,,56,38,100,3050,37.91,7,1,mig,92
AdultBodySize,Zonotrichia_capensis,+,19.1,22,g,0.83,1.35,24,27,400,1975,26.85,20.4,1,mig,48
Onset,Zonotrichia_capensis,-,360,340,d,,,,,400,1975,26.85,20.4,1,mig,49
Season,Zonotrichia_capensis,-,80,51,d,,,,,400,1975,26.85,20.4,1,mig,49
Onset,Zonotrichia_capensis,+,,,unk,,,,,0,3600,16.5,20.4,1,mig,77
AdultBodySize,Zonotrichia_capensis,,23.35,26.6,g,,,,,2000,3000,16.5,20.4,1,mig,77
ClutchSize,Zonotrichia_capensis,-,2.69,2.53,kids,,,,,550,2593,26.93,20.4,1,mig,38
IncubationDuration,Zonotrichia_leucophrys,0,12.3,12.47,d,,,10,14,46,3475,38.97,27,1,mig,47
Onset,Zonotrichia_leucophrys,+,76,156,d,,,,,150,3000,37.64,27,1,mig,21
NestlingSize,Zonotrichia_leucophrys,0,2.4,2.7,unk,,,,,46,3475,38.97,27,1,mig,47
NAttempts,Zonotrichia_leucophrys,-,2,1,att,,,,,5,3000,38,27,1,mig,97
IncubationDuration,Zonotrichia_leucophrys,-,13,12.18,d,,,,,150,3000,37.64,27,1,mig,21
NestSuccess,Zonotrichia_leucophrys,+,0.34,0.47,prop,,,,,150,3000,37.64,27,1,mig,21
EggSize,Zonotrichia_leucophrys,+,3.02,3.07,g,0.216,0.13,24,27,1890,3475,41.33,27,1,mig,47
ClutchSize,Zonotrichia_leucophrys,+,3.15,3.93,kids,0.7,0.438,1062,143,150,3000,37.64,27,1,mig,21
AdultBodySize,Zonotrichia_leucophrys,+,74.2,75.7,mm,,,6,7,1890,3475,41.33,27,1,mig,47